"Symbol","Series","Date","Prev Close","Open Price","High Price","Low Price","Last Price","Close Price","Average Price","Total Traded Quantity","Turnover","No. of Trades"
"HCLTECH","EQ","26-Aug-2015","        914.05","        912.10","        934.90","        884.00","        910.00","        902.45","        914.49","    2404510","          2198892885.15","     100260"
"HCLTECH","EQ","27-Aug-2015","        902.45","        908.10","        927.95","        905.40","        913.70","        913.10","        916.27","    2027885","          1858090051.90","      94052"
"HCLTECH","EQ","28-Aug-2015","        913.10","        924.60","        954.90","        924.50","        952.10","        952.20","        942.79","    1540899","          1452742093.55","      45861"
"HCLTECH","EQ","31-Aug-2015","        952.20","        958.20","        980.00","        958.20","        973.00","        971.05","        970.38","    2721287","          2640681289.30","      94774"
"HCLTECH","EQ","01-Sep-2015","        971.05","        967.00","        976.50","        926.00","        952.00","        947.60","        951.72","    1423923","          1355177566.45","      54446"
"HCLTECH","EQ","02-Sep-2015","        947.60","        950.00","        968.95","        944.10","        950.00","        948.90","        953.68","    2045060","          1950340654.75","      76837"
"HCLTECH","EQ","03-Sep-2015","        948.90","        962.00","        966.75","        950.50","        962.15","        961.00","        957.96","    1125982","          1078644295.60","      40025"
"HCLTECH","EQ","04-Sep-2015","        961.00","        958.25","        964.35","        936.00","        940.00","        940.30","        949.51","    1332890","          1265588754.65","      60442"
"HCLTECH","EQ","07-Sep-2015","        940.30","        940.00","        944.95","        915.00","        921.20","        920.85","        924.51","     670252","           619656533.85","      31007"
"HCLTECH","EQ","08-Sep-2015","        920.85","        918.00","        944.05","        918.00","        938.40","        936.35","        935.22","    1188331","          1111350862.00","      31678"
"HCLTECH","EQ","09-Sep-2015","        936.35","        943.00","        956.00","        938.00","        939.90","        943.20","        947.89","    1053214","           998325911.60","      51751"
"HCLTECH","EQ","10-Sep-2015","        943.20","        933.00","        936.00","        909.00","        918.25","        915.90","        918.75","    2059423","          1892096024.65","      59823"
"HCLTECH","EQ","11-Sep-2015","        915.90","        921.00","        924.95","        906.45","        919.00","        920.20","        916.29","    1101375","          1009178727.15","      39094"
"HCLTECH","EQ","14-Sep-2015","        920.20","        921.20","        931.00","        917.20","        927.45","        928.55","        925.20","     769871","           712284577.05","      21440"
"HCLTECH","EQ","15-Sep-2015","        928.55","        930.00","        931.60","        921.00","        929.55","        928.80","        926.89","    1225838","          1136217761.05","      34209"
"HCLTECH","EQ","16-Sep-2015","        928.80","        938.00","        947.65","        930.15","        938.05","        938.90","        939.54","     900533","           846088686.00","      33348"
"HCLTECH","EQ","18-Sep-2015","        938.90","        954.00","        955.90","        937.60","        947.00","        950.55","        949.06","    1423976","          1351434074.65","      43673"
"HCLTECH","EQ","21-Sep-2015","        950.55","        942.05","        969.25","        941.70","        942.00","        944.00","        950.54","     986281","           937499790.45","      60985"
"HCLTECH","EQ","22-Sep-2015","        944.00","        947.00","        965.50","        931.00","        935.00","        943.20","        951.56","    1607309","          1529456490.60","      69539"
"HCLTECH","EQ","23-Sep-2015","        943.20","        935.00","        935.00","        912.75","        928.00","        927.10","        926.43","    1138259","          1054513494.50","      35028"
"HCLTECH","EQ","24-Sep-2015","        927.10","        928.00","        958.50","        927.60","        956.00","        954.95","        948.39","    1531310","          1452276181.70","      44495"
"HCLTECH","EQ","28-Sep-2015","        954.95","        956.00","        964.45","        945.00","        948.05","        950.50","        955.84","     778719","           744327457.80","      36937"
"HCLTECH","EQ","29-Sep-2015","        950.50","        940.00","        960.50","        940.00","        948.55","        953.70","        954.19","    1409214","          1344652324.70","      59721"
"HCLTECH","EQ","30-Sep-2015","        953.70","        962.00","        989.70","        953.85","        985.00","        982.15","        969.89","    1758142","          1705204255.70","      59410"
"HCLTECH","EQ","01-Oct-2015","        982.15","        890.00","        914.80","        834.85","        859.00","        857.05","        877.69","   13383212","         11746286945.35","     305554"
"HCLTECH","EQ","05-Oct-2015","        857.05","        845.70","        870.80","        838.05","        862.75","        859.90","        854.90","    6691881","          5720891647.00","     188366"
"HCLTECH","EQ","06-Oct-2015","        859.90","        863.00","        868.00","        848.70","        854.45","        853.60","        854.77","    2954731","          2525602734.10","      67211"
"HCLTECH","EQ","07-Oct-2015","        853.60","        845.00","        848.75","        811.10","        820.05","        817.20","        824.88","    6876337","          5672137106.80","     156418"
"HCLTECH","EQ","08-Oct-2015","        817.20","        828.80","        837.40","        812.50","        826.00","        828.20","        825.89","    8608424","          7109623925.30","     149114"
"HCLTECH","EQ","09-Oct-2015","        828.20","        835.50","        850.80","        833.50","        850.00","        849.20","        844.02","    4734168","          3995712298.20","     157311"
"HCLTECH","EQ","12-Oct-2015","        849.20","        859.00","        860.95","        829.65","        856.00","        855.10","        848.94","    2417923","          2052675429.75","      77153"
"HCLTECH","EQ","13-Oct-2015","        855.10","        852.00","        853.00","        826.35","        831.00","        829.90","        832.58","    2918689","          2430048461.95","     121472"
"HCLTECH","EQ","14-Oct-2015","        829.90","        829.00","        838.95","        825.00","        832.50","        833.55","        832.44","    1351079","          1124685502.65","      70926"
"HCLTECH","EQ","15-Oct-2015","        833.55","        835.00","        838.90","        828.00","        835.00","        835.00","        835.08","    1822338","          1521795057.95","      88793"
"HCLTECH","EQ","16-Oct-2015","        835.00","        836.05","        845.75","        835.00","        842.10","        841.15","        841.22","    1135082","           954859224.70","      46725"
"HCLTECH","EQ","19-Oct-2015","        841.15","        830.00","        861.00","        818.70","        859.00","        857.75","        840.19","    5025990","          4222805997.30","     107896"
"HCLTECH","EQ","20-Oct-2015","        857.75","        859.00","        868.50","        848.45","        864.90","        864.30","        861.93","    2835279","          2443812919.50","      86268"
"HCLTECH","EQ","21-Oct-2015","        864.30","        866.80","        868.95","        852.10","        862.10","        863.05","        862.22","    1297348","          1118594500.75","      50047"
"HCLTECH","EQ","23-Oct-2015","        863.05","        867.00","        869.90","        848.00","        852.05","        852.95","        857.73","    1532429","          1314412256.40","      62612"
"HCLTECH","EQ","26-Oct-2015","        852.95","        859.35","        868.65","        857.10","        865.20","        863.55","        863.58","    2078720","          1795141102.20","      77189"
"HCLTECH","EQ","27-Oct-2015","        863.55","        863.00","        874.00","        854.60","        866.70","        867.65","        861.88","    1540700","          1327905048.00","      37040"
"HCLTECH","EQ","28-Oct-2015","        867.65","        867.00","        880.00","        854.00","        878.00","        877.55","        872.39","    1675640","          1461810409.45","      70704"
"HCLTECH","EQ","29-Oct-2015","        877.55","        877.70","        885.20","        873.25","        875.00","        875.90","        878.65","    2121777","          1864301007.90","      97614"
"HCLTECH","EQ","30-Oct-2015","        875.90","        876.00","        877.00","        867.55","        870.40","        871.70","        872.58","    1327897","          1158702042.00","      35588"
"HCLTECH","EQ","02-Nov-2015","        871.70","        875.00","        880.90","        870.10","        875.95","        876.30","        876.27","    1010052","           885078286.95","      47776"
"HCLTECH","EQ","03-Nov-2015","        876.30","        876.25","        881.90","        874.25","        877.00","        876.10","        876.03","    1057805","           926669009.85","      51288"
"HCLTECH","EQ","04-Nov-2015","        876.10","        879.00","        884.40","        875.00","        880.60","        881.60","        879.16","     841844","           740112507.55","      35999"
"HCLTECH","EQ","05-Nov-2015","        881.60","        881.60","        883.80","        874.05","        877.25","        877.50","        878.87","    1185249","          1041679174.90","      43159"
"HCLTECH","EQ","06-Nov-2015","        877.50","        877.50","        889.50","        874.60","        885.00","        885.45","        882.86","    1326926","          1171492164.75","      60890"
"HCLTECH","EQ","09-Nov-2015","        885.45","        878.90","        885.00","        870.10","        880.25","        882.50","        877.86","    1521940","          1336050552.15","      59660"
"HCLTECH","EQ","10-Nov-2015","        882.50","        876.25","        879.85","        847.20","        851.00","        851.30","        861.97","     839191","           723357323.05","      31371"
"HCLTECH","EQ","11-Nov-2015","        851.30","        854.90","        860.00","        842.00","        852.95","        852.35","        851.69","     113979","            97075338.50","       4692"
"HCLTECH","EQ","13-Nov-2015","        852.35","        825.00","        856.80","        823.20","        841.05","        843.40","        834.95","    1475398","          1231883657.05","      68063"
"HCLTECH","EQ","16-Nov-2015","        843.40","        828.10","        842.40","        825.00","        840.65","        838.60","        834.43","    1438057","          1199964888.95","      41674"
"HCLTECH","EQ","17-Nov-2015","        838.60","        844.50","        859.90","        835.75","        853.40","        856.75","        854.49","    1702888","          1455093770.25","      69213"
"HCLTECH","EQ","18-Nov-2015","        856.75","        853.95","        853.95","        835.25","        845.00","        845.65","        843.29","    1523474","          1284729626.70","      40249"
"HCLTECH","EQ","19-Nov-2015","        845.65","        850.00","        876.85","        846.05","        873.70","        873.95","        867.89","    1764168","          1531109131.20","      75001"
"HCLTECH","EQ","20-Nov-2015","        873.95","        872.00","        874.40","        855.50","        863.25","        866.55","        863.28","    1693461","          1461931746.75","      50305"
"HCLTECH","EQ","23-Nov-2015","        866.55","        862.00","        867.95","        858.60","        865.50","        863.75","        862.85","     589656","           508783873.15","      32318"
"HCLTECH","EQ","24-Nov-2015","        863.75","        862.10","        872.50","        856.60","        864.00","        866.20","        863.37","    1124337","           970717369.80","      58993"
"HCLTECH","EQ","26-Nov-2015","        866.20","        861.20","        869.00","        856.85","        862.50","        862.90","        862.67","    1040829","           897893120.75","      37829"
"HCLTECH","EQ","27-Nov-2015","        862.90","        864.00","        875.00","        863.20","        874.90","        872.55","        870.60","     790471","           688181257.55","      44938"
"HCLTECH","EQ","30-Nov-2015","        872.55","        872.15","        881.75","        862.65","        871.00","        870.95","        871.11","    2582573","          2249708723.85","      76766"
"HCLTECH","EQ","01-Dec-2015","        870.95","        870.95","        885.70","        869.05","        877.00","        877.70","        879.37","    1273589","          1119950433.30","      66392"
"HCLTECH","EQ","02-Dec-2015","        877.70","        882.00","        882.00","        856.00","        860.10","        859.65","        861.25","    1287691","          1109019657.20","      37161"
"HCLTECH","EQ","03-Dec-2015","        859.65","        856.00","        856.00","        849.25","        852.00","        851.15","        851.56","    1918307","          1633553482.30","      63240"
"HCLTECH","EQ","04-Dec-2015","        851.15","        849.25","        850.00","        831.15","        838.80","        836.00","        837.94","    1889164","          1583011992.75","      56455"
"HCLTECH","EQ","07-Dec-2015","        836.00","        840.20","        852.85","        834.00","        850.00","        842.30","        840.64","    1311092","          1102160346.65","      51359"
"HCLTECH","EQ","08-Dec-2015","        842.30","        841.65","        867.90","        841.65","        852.70","        858.05","        860.18","    1588129","          1366069232.00","      65846"
"HCLTECH","EQ","09-Dec-2015","        858.05","        857.00","        857.00","        839.70","        844.20","        844.25","        847.49","    1302201","          1103598142.05","      45532"
"HCLTECH","EQ","10-Dec-2015","        844.25","        844.00","        850.00","        837.00","        848.20","        845.70","        843.61","     918908","           775204483.20","      51536"
"HCLTECH","EQ","11-Dec-2015","        845.70","        849.90","        849.90","        836.25","        840.90","        840.60","        841.66","     531147","           447047742.30","      37235"
"HCLTECH","EQ","14-Dec-2015","        840.60","        843.00","        852.65","        826.00","        844.00","        840.85","        841.85","     768230","           646737098.40","      39013"
"HCLTECH","EQ","15-Dec-2015","        840.85","        849.70","        849.70","        840.90","        849.00","        845.20","        845.12","     804676","           680050407.80","      36825"
"HCLTECH","EQ","16-Dec-2015","        845.20","        849.30","        859.80","        842.70","        846.00","        847.05","        852.95","     815360","           695462224.30","      41077"
"HCLTECH","EQ","17-Dec-2015","        847.05","        851.45","        864.30","        847.25","        863.00","        860.45","        856.39","     969882","           830600247.45","      35955"
"HCLTECH","EQ","18-Dec-2015","        860.45","        860.00","        865.00","        844.90","        844.90","        846.15","        851.39","    1419129","          1208236426.90","      37583"
"HCLTECH","EQ","21-Dec-2015","        846.15","        845.00","        857.95","        843.15","        856.00","        855.45","        853.06","     458852","           391427612.15","      19895"
"HCLTECH","EQ","22-Dec-2015","        855.45","        855.00","        855.45","        845.85","        850.50","        849.25","        849.52","     718460","           610349030.35","      68584"
"HCLTECH","EQ","23-Dec-2015","        849.25","        850.00","        865.45","        849.50","        857.20","        863.80","        860.05","     673209","           578994525.85","      45499"
"HCLTECH","EQ","24-Dec-2015","        863.80","        860.70","        866.00","        855.55","        855.60","        860.30","        861.37","     370778","           319376109.30","      18813"
"HCLTECH","EQ","28-Dec-2015","        860.30","        858.50","        874.00","        853.85","        861.45","        867.70","        867.74","     901833","           782557964.95","      30417"
"HCLTECH","EQ","29-Dec-2015","        867.70","        864.95","        866.00","        846.55","        852.50","        854.50","        854.44","    1142764","           976419638.25","      35112"
"HCLTECH","EQ","30-Dec-2015","        854.50","        854.85","        858.50","        838.00","        838.90","        840.50","        848.33","     876037","           743172443.55","      38033"
"HCLTECH","EQ","31-Dec-2015","        840.50","        837.00","        860.00","        836.95","        858.00","        855.10","        850.48","     873853","           743192255.50","      34185"
"HCLTECH","EQ","01-Jan-2016","        855.10","        855.10","        855.10","        843.50","        845.60","        845.85","        846.83","     485196","           410880355.70","       9066"
"HCLTECH","EQ","04-Jan-2016","        845.85","        841.00","        854.95","        837.45","        846.95","        845.95","        843.36","    1086036","           915919738.50","      43114"
"HCLTECH","EQ","05-Jan-2016","        845.95","        848.95","        851.05","        836.40","        844.00","        842.80","        842.45","     732691","           617257642.15","      41363"
"HCLTECH","EQ","06-Jan-2016","        842.80","        853.70","        853.70","        837.00","        841.00","        841.40","        843.19","    1398935","          1179563878.65","      58050"
"HCLTECH","EQ","07-Jan-2016","        841.40","        836.10","        837.90","        819.00","        825.50","        825.05","        827.47","    1450657","          1200371675.30","      51218"
"HCLTECH","EQ","08-Jan-2016","        825.05","        828.00","        836.75","        813.80","        831.05","        828.35","        824.68","    1688435","          1392420249.90","      46806"
"HCLTECH","EQ","11-Jan-2016","        828.35","        815.00","        833.00","        811.10","        815.00","        814.55","        816.61","    1267638","          1035171028.50","      50618"
"HCLTECH","EQ","12-Jan-2016","        814.55","        818.00","        819.00","        798.05","        809.65","        810.05","        805.53","    1157664","           932537991.30","      54962"
"HCLTECH","EQ","13-Jan-2016","        810.05","        814.80","        829.85","        804.30","        829.00","        826.40","        814.67","    1579234","          1286553554.45","      54897"
"HCLTECH","EQ","14-Jan-2016","        826.40","        810.05","        841.80","        810.05","        830.05","        828.85","        832.74","    2540610","          2115655504.30","      56588"
"HCLTECH","EQ","15-Jan-2016","        828.85","        828.50","        842.00","        816.00","        840.10","        838.05","        831.11","    2285591","          1899574647.20","      48715"
"HCLTECH","EQ","18-Jan-2016","        838.05","        831.10","        853.95","        831.10","        848.00","        842.35","        842.84","    1887068","          1590502540.35","      51917"
"HCLTECH","EQ","19-Jan-2016","        842.35","        867.00","        870.00","        800.00","        840.00","        838.25","        830.83","    5309499","          4411308303.00","     126174"
"HCLTECH","EQ","20-Jan-2016","        838.25","        831.05","        846.00","        823.00","        839.00","        841.90","        839.14","    1988009","          1668211021.60","      76435"
"HCLTECH","EQ","21-Jan-2016","        841.90","        844.00","        850.15","        831.25","        832.35","        835.25","        837.41","    1674215","          1402000391.80","      68064"
"HCLTECH","EQ","22-Jan-2016","        835.25","        838.00","        850.95","        831.90","        841.00","        839.25","        841.90","    1009239","           849675312.95","      35195"
"HCLTECH","EQ","25-Jan-2016","        839.25","        847.50","        858.90","        836.85","        839.40","        838.70","        846.59","    1095067","           927069772.25","      65774"
"HCLTECH","EQ","27-Jan-2016","        838.70","        838.00","        840.90","        830.20","        839.00","        836.00","        834.92","    1100759","           919046547.10","      40394"
"HCLTECH","EQ","28-Jan-2016","        836.00","        833.00","        849.80","        829.70","        844.15","        844.50","        842.99","    1600653","          1349327833.15","      35730"
"HCLTECH","EQ","29-Jan-2016","        844.50","        845.25","        870.00","        842.30","        866.40","        865.75","        858.65","    1917557","          1646507009.75","      34692"
"HCLTECH","EQ","01-Feb-2016","        865.75","        865.80","        889.90","        865.80","        876.70","        880.30","        882.35","    1297246","          1144620339.80","      51521"
"HCLTECH","EQ","02-Feb-2016","        880.30","        880.00","        885.00","        867.05","        871.00","        872.65","        879.04","    1112732","           978138654.10","      53212"
"HCLTECH","EQ","03-Feb-2016","        872.65","        866.35","        870.00","        848.85","        854.05","        852.10","        859.34","     978045","           840474567.10","      41001"
"HCLTECH","EQ","04-Feb-2016","        852.10","        855.10","        874.80","        848.95","        866.80","        867.35","        867.91","    1317307","          1143297591.60","      32685"
"HCLTECH","EQ","05-Feb-2016","        867.35","        877.00","        877.00","        858.35","        868.50","        869.65","        868.27","     983851","           854252892.50","      38004"
"HCLTECH","EQ","08-Feb-2016","        869.65","        866.10","        868.95","        846.00","        851.00","        849.75","        854.43","     805217","           688000797.65","      28792"
"HCLTECH","EQ","09-Feb-2016","        849.75","        843.00","        844.00","        805.95","        815.00","        810.45","        815.86","    1667218","          1360220931.35","      41750"
"HCLTECH","EQ","10-Feb-2016","        810.45","        815.50","        833.00","        807.60","        831.90","        827.40","        824.33","    1132697","           933720780.30","      28671"
"HCLTECH","EQ","11-Feb-2016","        827.40","        827.40","        827.40","        801.60","        806.75","        808.00","        813.40","    1619207","          1317058947.50","      39228"
"HCLTECH","EQ","12-Feb-2016","        808.00","        814.00","        825.85","        784.95","        799.50","        798.25","        802.15","    1392467","          1116964628.00","      71907"
"HCLTECH","EQ","15-Feb-2016","        798.25","        813.00","        832.50","        810.35","        825.50","        827.10","        822.61","    1380806","          1135869593.60","      52642"
"HCLTECH","EQ","16-Feb-2016","        827.10","        825.10","        837.90","        819.25","        826.70","        824.30","        825.93","    1052299","           869129232.70","      43527"
"HCLTECH","EQ","17-Feb-2016","        824.30","        829.95","        835.00","        816.35","        826.00","        824.80","        824.08","    1360181","          1120903310.35","      57964"
"HCLTECH","EQ","18-Feb-2016","        824.80","        829.05","        847.00","        827.35","        842.00","        843.95","        838.34","    1064582","           892481236.25","      31544"
"HCLTECH","EQ","19-Feb-2016","        843.95","        842.00","        857.00","        828.40","        842.50","        851.55","        849.01","    1183068","          1004438920.55","      54944"
"HCLTECH","EQ","22-Feb-2016","        851.55","        849.80","        849.80","        840.10","        845.50","        845.95","        844.68","     923775","           780294798.20","      38305"
"HCLTECH","EQ","23-Feb-2016","        845.95","        845.00","        849.00","        827.00","        828.05","        828.95","        835.48","     630477","           526751455.55","      46772"
"HCLTECH","EQ","24-Feb-2016","        828.95","        829.60","        839.00","        809.00","        811.55","        811.05","        817.63","     861124","           704080310.65","      60635"
"HCLTECH","EQ","25-Feb-2016","        811.05","        807.00","        815.00","        799.70","        813.90","        808.75","        805.96","     809816","           652676347.35","      30309"
"HCLTECH","EQ","26-Feb-2016","        808.75","        814.35","        832.00","        814.00","        826.00","        824.65","        825.04","    1023912","           844770784.10","      28241"
"HCLTECH","EQ","29-Feb-2016","        824.65","        822.00","        831.65","        795.00","        816.00","        813.25","        817.19","    1547030","          1264216430.10","      49703"
"HCLTECH","EQ","01-Mar-2016","        813.25","        813.90","        841.40","        809.00","        828.00","        832.15","        832.46","    1057236","           880104399.35","      48758"
"HCLTECH","EQ","02-Mar-2016","        832.15","        837.00","        865.00","        829.35","        850.25","        854.85","        847.13","    1639639","          1388992495.80","      59125"
"HCLTECH","EQ","03-Mar-2016","        854.85","        865.00","        866.35","        851.60","        857.00","        859.30","        859.50","    1007921","           866309201.25","      52491"
"HCLTECH","EQ","04-Mar-2016","        859.30","        860.20","        861.10","        830.35","        838.00","        835.40","        840.26","    1777388","          1493475796.05","      55536"
"HCLTECH","EQ","08-Mar-2016","        835.40","        828.00","        831.95","        809.45","        812.75","        815.25","        819.13","    3245006","          2658093792.35","      75683"
"HCLTECH","EQ","09-Mar-2016","        815.25","        813.95","        818.00","        801.35","        816.00","        815.65","        805.93","    6110739","          4924848866.40","      88401"
"HCLTECH","EQ","10-Mar-2016","        815.65","        821.80","        822.90","        806.40","        816.10","        817.85","        815.97","    2507897","          2046371570.40","      67193"
"HCLTECH","EQ","11-Mar-2016","        817.85","        817.00","        825.00","        812.50","        824.00","        823.05","        821.48","    2120515","          1741954375.20","      54111"
"HCLTECH","EQ","14-Mar-2016","        823.05","        823.85","        830.40","        822.00","        824.50","        827.90","        827.09","    1426361","          1179733536.45","      44460"
"HCLTECH","EQ","15-Mar-2016","        827.90","        826.00","        826.95","        810.50","        811.00","        811.85","        813.75","    1355645","          1103161690.85","      56759"
"HCLTECH","EQ","16-Mar-2016","        811.85","        813.45","        816.50","        807.50","        815.40","        814.90","        812.94","    1218254","           990368282.30","      48638"
"HCLTECH","EQ","17-Mar-2016","        814.90","        820.00","        829.00","        810.55","        811.05","        815.30","        821.25","    1714817","          1408287672.60","      51852"
"HCLTECH","EQ","18-Mar-2016","        815.30","        816.00","        828.80","        815.00","        823.00","        824.15","        821.75","    1661532","          1365360545.35","      36091"
"HCLTECH","EQ","21-Mar-2016","        824.15","        828.00","        828.00","        815.20","        824.90","        822.55","        819.37","    1658201","          1358676478.20","      49881"
"HCLTECH","EQ","22-Mar-2016","        822.55","        820.75","        831.00","        817.00","        827.85","        828.45","        825.94","    2733211","          2257479661.30","      63617"
"HCLTECH","EQ","23-Mar-2016","        828.45","        828.00","        830.00","        813.40","        817.00","        817.70","        817.61","    2509320","          2051646425.80","      82805"
"HCLTECH","EQ","28-Mar-2016","        817.70","        819.90","        826.50","        806.45","        810.65","        810.65","        817.20","    2957244","          2416650726.80","      93153"
"HCLTECH","EQ","29-Mar-2016","        810.65","        814.60","        816.20","        799.90","        807.00","        806.80","        806.79","    2531685","          2042529115.65","      58465"
"HCLTECH","EQ","30-Mar-2016","        806.80","        805.45","        822.00","        805.45","        821.00","        820.60","        816.06","    2302342","          1878858580.85","      85561"
"HCLTECH","EQ","31-Mar-2016","        820.60","        815.00","        824.50","        809.90","        813.40","        814.10","        815.78","    4586967","          3741972144.05","      90692"
"HCLTECH","EQ","01-Apr-2016","        814.10","        820.00","        824.00","        807.00","        822.50","        820.40","        818.55","    2664808","          2181281641.30","     120907"
"HCLTECH","EQ","04-Apr-2016","        820.40","        815.00","        841.95","        815.00","        840.00","        839.85","        833.02","    2830985","          2358276807.60","      91428"
"HCLTECH","EQ","05-Apr-2016","        839.85","        839.85","        848.90","        832.55","        841.60","        843.25","        841.85","    2499888","          2104533544.05","      62406"
"HCLTECH","EQ","06-Apr-2016","        843.25","        847.00","        847.95","        826.10","        840.15","        838.75","        838.35","    1082920","           907867894.75","      42606"
"HCLTECH","EQ","07-Apr-2016","        838.75","        846.90","        846.90","        827.00","        828.10","        828.45","        833.70","     940830","           784366938.95","      26684"
"HCLTECH","EQ","08-Apr-2016","        828.45","        831.85","        836.00","        825.60","        834.55","        833.10","        831.27","     722892","           600917105.10","      25139"
"HCLTECH","EQ","11-Apr-2016","        833.10","        836.45","        841.95","        824.40","        837.45","        839.30","        832.83","     970273","           808076542.45","      37551"
"HCLTECH","EQ","12-Apr-2016","        839.30","        843.00","        845.00","        831.25","        839.00","        839.65","        837.08","     709686","           594062161.05","      37965"
"HCLTECH","EQ","13-Apr-2016","        839.65","        844.95","        846.50","        835.15","        836.00","        837.55","        839.92","    1318204","          1107189005.85","      40218"
"HCLTECH","EQ","18-Apr-2016","        837.55","        845.05","        860.65","        845.00","        852.90","        853.30","        853.93","    2926522","          2499053021.20","      90927"
"HCLTECH","EQ","20-Apr-2016","        853.30","        862.50","        862.50","        835.50","        841.90","        841.20","        843.66","    1389011","          1171859310.80","      56702"
"HCLTECH","EQ","21-Apr-2016","        841.20","        844.00","        855.35","        838.50","        846.00","        846.25","        849.57","    1117527","           949415042.05","      41235"
"HCLTECH","EQ","22-Apr-2016","        846.25","        838.35","        852.90","        838.35","        846.00","        845.15","        845.94","    1110859","           939719011.10","      34387"
"HCLTECH","EQ","25-Apr-2016","        845.15","        841.25","        850.00","        841.25","        847.35","        845.10","        846.44","     831430","           703756974.45","      20568"
"HCLTECH","EQ","26-Apr-2016","        845.10","        839.05","        855.40","        833.15","        850.95","        849.80","        844.78","    1128563","           953392478.10","      33252"
"HCLTECH","EQ","27-Apr-2016","        849.80","        849.50","        855.90","        831.05","        834.85","        837.55","        839.59","    2275086","          1910148234.55","      54966"
"HCLTECH","EQ","28-Apr-2016","        837.55","        805.00","        823.00","        796.65","        799.30","        799.90","        806.87","    8921956","          7198886132.10","     201481"
"HCLTECH","EQ","29-Apr-2016","        799.90","        794.00","        794.00","        747.20","        750.25","        750.30","        759.31","    8989331","          6825688501.55","     191352"
"HCLTECH","EQ","02-May-2016","        750.30","        750.00","        756.30","        740.10","        742.50","        742.20","        745.19","    2510583","          1870866041.55","      70294"
"HCLTECH","EQ","03-May-2016","        742.20","        747.00","        747.55","        726.05","        728.10","        728.40","        736.03","    3499904","          2576034701.40","     103238"
"HCLTECH","EQ","04-May-2016","        728.40","        727.00","        740.50","        726.25","        735.00","        737.10","        735.89","    3202055","          2356354934.65","      97988"
"HCLTECH","EQ","05-May-2016","        737.10","        736.80","        739.80","        725.50","        731.00","        732.90","        732.76","    2538933","          1860436411.65","      79069"
"HCLTECH","EQ","06-May-2016","        732.90","        732.95","        732.95","        721.00","        721.05","        722.60","        725.26","    3068239","          2225276653.40","      72632"
"HCLTECH","EQ","09-May-2016","        722.60","        724.00","        733.00","        718.25","        719.20","        721.40","        725.47","    3692451","          2678746689.75","      82125"
"HCLTECH","EQ","10-May-2016","        721.40","        723.50","        724.20","        716.10","        717.55","        718.80","        720.72","    2700968","          1946649496.20","      97670"
"HCLTECH","EQ","11-May-2016","        718.80","        711.00","        716.80","        706.40","        707.80","        708.75","        711.70","    4210844","          2996877093.45","      63619"
"HCLTECH","EQ","12-May-2016","        708.75","        711.00","        718.90","        709.50","        714.05","        714.70","        714.35","    1779323","          1271066724.65","      46165"
"HCLTECH","EQ","13-May-2016","        714.70","        718.00","        727.00","        713.00","        721.50","        723.15","        722.66","    3575454","          2583835331.95","      69072"
"HCLTECH","EQ","16-May-2016","        723.15","        725.55","        725.60","        716.15","        718.00","        718.95","        721.41","    1616514","          1166162336.75","      44239"
"HCLTECH","EQ","17-May-2016","        718.95","        720.00","        739.00","        720.00","        731.50","        732.30","        731.83","    3917360","          2866829086.05","      69654"
"HCLTECH","EQ","18-May-2016","        732.30","        732.00","        744.60","        727.00","        741.00","        742.25","        740.03","    2124598","          1572275097.80","      65910"
"HCLTECH","EQ","19-May-2016","        742.25","        738.00","        744.00","        727.50","        728.10","        730.10","        735.27","    1745341","          1283290874.00","      55685"
"HCLTECH","EQ","20-May-2016","        730.10","        729.00","        740.00","        729.00","        736.75","        736.65","        736.09","    1923380","          1415788968.15","      57107"
"HCLTECH","EQ","23-May-2016","        736.65","        738.35","        739.85","        732.00","        732.25","        733.55","        734.40","    1038296","           762526309.05","      66470"
"HCLTECH","EQ","24-May-2016","        733.55","        735.00","        741.45","        730.05","        739.60","        739.25","        737.94","    1395015","          1029434336.60","      47318"
"HCLTECH","EQ","25-May-2016","        739.25","        742.00","        750.40","        740.15","        748.50","        749.35","        747.23","    1686747","          1260386736.90","      56366"
"HCLTECH","EQ","26-May-2016","        749.35","        751.05","        752.00","        736.65","        741.75","        740.90","        742.39","    3231109","          2398751742.15","      69698"
"HCLTECH","EQ","27-May-2016","        740.90","        742.60","        759.70","        742.60","        756.00","        757.60","        753.22","    3045095","          2293628152.65","      65380"
"HCLTECH","EQ","30-May-2016","        757.60","        761.10","        763.70","        745.20","        748.00","        747.55","        750.69","    1593326","          1196097519.95","      59611"
"HCLTECH","EQ","31-May-2016","        747.55","        748.00","        753.35","        736.35","        739.10","        739.80","        740.36","   15048108","         11140952563.20","      77186"
"HCLTECH","EQ","01-Jun-2016","        739.80","        744.00","        744.35","        731.70","        735.80","        734.55","        737.03","    2246778","          1655934630.20","      46325"
"HCLTECH","EQ","02-Jun-2016","        734.55","        735.00","        739.60","        715.50","        721.50","        721.35","        721.53","    4293828","          3098145309.85","      84486"
"HCLTECH","EQ","03-Jun-2016","        721.35","        725.30","        726.45","        720.70","        722.00","        721.90","        723.48","    1503353","          1087642550.20","      54588"
"HCLTECH","EQ","06-Jun-2016","        721.90","        722.00","        728.70","        715.60","        725.25","        724.60","        722.77","    2040535","          1474840837.70","      38041"
"HCLTECH","EQ","07-Jun-2016","        724.60","        728.00","        731.45","        721.60","        727.50","        726.70","        726.57","    2492188","          1810755887.75","      73292"
"HCLTECH","EQ","08-Jun-2016","        726.70","        729.00","        745.00","        728.35","        744.40","        743.50","        738.53","    1900304","          1403440637.25","      70602"
"HCLTECH","EQ","09-Jun-2016","        743.50","        748.70","        755.90","        744.00","        751.10","        753.05","        751.80","    2778851","          2089137657.90","      98310"
"HCLTECH","EQ","10-Jun-2016","        753.05","        750.00","        758.00","        745.95","        750.00","        751.05","        752.68","    5785832","          4354884310.65","      57122"
"HCLTECH","EQ","13-Jun-2016","        751.05","        745.00","        756.00","        741.70","        754.00","        753.65","        751.70","    2065113","          1552350052.35","      64366"
"HCLTECH","EQ","14-Jun-2016","        753.65","        755.00","        764.95","        744.05","        750.10","        752.40","        752.15","    1646371","          1238321005.70","      43171"
"HCLTECH","EQ","15-Jun-2016","        752.40","        751.00","        757.30","        749.95","        755.20","        755.20","        754.78","     979272","           739135820.80","      40375"
"HCLTECH","EQ","16-Jun-2016","        755.20","        752.55","        754.00","        742.50","        746.40","        751.70","        746.73","    1133152","           846154137.35","      59721"
"HCLTECH","EQ","17-Jun-2016","        751.70","        750.00","        755.00","        747.85","        752.15","        753.65","        751.53","    2717006","          2041900312.45","      54566"
"HCLTECH","EQ","20-Jun-2016","        753.65","        749.95","        781.45","        747.85","        769.90","        770.65","        772.06","    4132686","          3190689956.65","     141265"
"HCLTECH","EQ","21-Jun-2016","        770.65","        768.50","        775.80","        766.20","        770.00","        770.10","        770.46","    1466470","          1129856371.80","      61398"
"HCLTECH","EQ","22-Jun-2016","        770.10","        774.00","        774.00","        766.30","        770.05","        770.45","        770.45","    1567059","          1207333746.90","      38679"
"HCLTECH","EQ","23-Jun-2016","        770.45","        770.00","        772.00","        762.00","        770.40","        769.80","        766.69","    1292218","           990736966.80","      49318"
"HCLTECH","EQ","24-Jun-2016","        769.80","        743.95","        746.70","        723.30","        742.00","        741.85","        736.94","    3081689","          2271027640.25","     120409"
"HCLTECH","EQ","27-Jun-2016","        741.85","        730.20","        749.00","        721.00","        736.00","        735.05","        736.30","    1443753","          1063032314.35","      78436"
"HCLTECH","EQ","28-Jun-2016","        735.05","        729.00","        737.50","        711.15","        712.85","        713.20","        724.55","    2842681","          2059671187.25","     102566"
"HCLTECH","EQ","29-Jun-2016","        713.20","        715.70","        729.95","        708.00","        728.95","        728.45","        719.42","    2483234","          1786490523.70","      65712"
"HCLTECH","EQ","30-Jun-2016","        728.45","        729.20","        735.45","        726.40","        729.70","        730.45","        730.72","    2396993","          1751535233.75","      81785"
"HCLTECH","EQ","01-Jul-2016","        730.45","        735.00","        736.80","        730.00","        730.00","        731.70","        732.84","    1011883","           741548739.80","      50053"
"HCLTECH","EQ","04-Jul-2016","        731.70","        735.00","        750.00","        734.05","        747.45","        748.35","        744.87","    1631809","          1215491503.90","      53287"
"HCLTECH","EQ","05-Jul-2016","        748.35","        748.00","        748.00","        732.20","        738.30","        738.40","        738.81","    1867820","          1379967696.50","      44635"
"HCLTECH","EQ","07-Jul-2016","        738.40","        741.00","        741.00","        715.75","        717.30","        717.10","        719.45","    3432568","          2469544582.20","     123012"
"HCLTECH","EQ","08-Jul-2016","        717.10","        715.00","        725.75","        715.00","        722.50","        721.85","        721.73","     851316","           614420879.35","      49418"
"HCLTECH","EQ","11-Jul-2016","        721.85","        722.00","        726.60","        715.05","        718.25","        716.80","        719.05","    2124375","          1527529376.75","      54886"
"HCLTECH","EQ","12-Jul-2016","        716.80","        718.00","        723.30","        716.05","        722.35","        721.35","        718.88","    1614918","          1160939613.15","      51833"
"HCLTECH","EQ","13-Jul-2016","        721.35","        722.50","        724.00","        716.60","        720.00","        720.00","        720.25","    3356550","          2417544818.20","      32637"
"HCLTECH","EQ","14-Jul-2016","        720.00","        721.50","        729.90","        719.60","        729.50","        728.25","        726.08","    1084386","           787354789.50","      26849"
"HCLTECH","EQ","15-Jul-2016","        728.25","        732.90","        740.00","        710.25","        715.45","        717.50","        723.66","    2967531","          2147469798.55","      75705"
"HCLTECH","EQ","18-Jul-2016","        717.50","        722.20","        724.70","        715.00","        723.70","        722.50","        722.05","     928673","           670545154.50","      25153"
"HCLTECH","EQ","19-Jul-2016","        722.50","        717.75","        731.70","        717.75","        731.00","        730.15","        727.96","    1734756","          1262841090.25","      45442"
"HCLTECH","EQ","20-Jul-2016","        730.15","        724.90","        731.90","        716.60","        730.90","        730.00","        724.59","    1222225","           885611538.65","      35104"
"HCLTECH","EQ","21-Jul-2016","        730.00","        730.00","        730.90","        720.15","        725.00","        723.55","        722.40","     885024","           639343652.30","      19412"
"HCLTECH","EQ","22-Jul-2016","        723.55","        725.00","        730.00","        721.60","        729.50","        729.20","        727.51","     914314","           665173389.45","      28218"
"HCLTECH","EQ","25-Jul-2016","        729.20","        729.50","        741.00","        725.00","        740.00","        740.40","        736.09","    1488302","          1095526801.20","      49079"
"HCLTECH","EQ","26-Jul-2016","        740.40","        738.90","        747.40","        736.25","        746.65","        745.25","        743.16","    1349165","          1002650480.60","      30980"
"HCLTECH","EQ","27-Jul-2016","        745.25","        747.00","        754.90","        742.50","        753.40","        753.50","        749.91","    1677289","          1257819950.85","      29257"
"HCLTECH","EQ","28-Jul-2016","        753.50","        757.50","        758.95","        746.10","        747.00","        750.80","        751.16","    2277034","          1710418092.45","      33377"
"HCLTECH","EQ","29-Jul-2016","        750.80","        749.00","        758.00","        745.50","        752.15","        752.95","        753.02","     847328","           638054736.70","      24720"
"HCLTECH","EQ","01-Aug-2016","        752.95","        753.00","        791.00","        752.50","        778.00","        780.45","        773.17","    3026539","          2340028478.85","      77579"
"HCLTECH","EQ","02-Aug-2016","        780.45","        785.85","        804.90","        781.15","        799.55","        800.75","        793.75","    4700089","          3730682954.50","      80878"
"HCLTECH","EQ","03-Aug-2016","        800.75","        857.00","        858.50","        816.35","        825.70","        826.15","        833.11","    9552545","          7958305262.35","     202091"
"HCLTECH","EQ","04-Aug-2016","        826.15","        833.00","        836.00","        820.10","        823.00","        823.85","        827.01","    1485837","          1228797215.85","      57153"
"HCLTECH","EQ","05-Aug-2016","        823.85","        824.80","        831.45","        817.30","        820.60","        821.75","        824.35","    1300356","          1071954956.85","      54692"
"HCLTECH","EQ","08-Aug-2016","        821.75","        822.00","        829.40","        811.60","        818.00","        819.10","        819.13","    1514566","          1240631220.00","      53431"
"HCLTECH","EQ","09-Aug-2016","        819.10","        821.00","        824.60","        811.05","        818.50","        816.85","        818.10","    1240369","          1014751370.35","      32306"
"HCLTECH","EQ","10-Aug-2016","        816.85","        816.75","        820.00","        805.55","        817.95","        818.15","        815.62","    1152698","           940165761.90","      27158"
"HCLTECH","EQ","11-Aug-2016","        818.15","        820.00","        827.45","        813.80","        825.05","        824.55","        822.33","    1739623","          1430544241.30","      33086"
"HCLTECH","EQ","12-Aug-2016","        824.55","        826.05","        835.50","        807.00","        813.65","        814.20","        824.16","    1651570","          1361162212.90","      46670"
"HCLTECH","EQ","16-Aug-2016","        814.20","        813.20","        823.80","        785.55","        796.00","        792.35","        805.29","    2244771","          1807694263.50","      60308"
"HCLTECH","EQ","17-Aug-2016","        792.35","        790.00","        800.85","        782.00","        784.55","        784.55","        789.04","    2367829","          1868318654.80","      95093"
"HCLTECH","EQ","18-Aug-2016","        784.55","        789.80","        792.40","        780.10","        785.00","        785.80","        787.47","    1541722","          1214058423.20","      86181"
"HCLTECH","EQ","19-Aug-2016","        785.80","        785.00","        794.40","        779.60","        779.65","        781.85","        784.11","    1309172","          1026528619.60","      57471"
"HCLTECH","BT","22-Aug-2016","        580.00","        783.65","        784.05","        783.65","-","        784.05","        783.86","         99","               77602.55","          2"
"HCLTECH","EQ","22-Aug-2016","        781.85","        784.95","        787.35","        765.00","        769.05","        772.25","        773.46","    1346765","          1041670672.15","      49547"
"HCLTECH","EQ","23-Aug-2016","        772.25","        776.00","        795.85","        771.60","        789.00","        791.00","        790.24","    1707691","          1349478324.60","      51775"
"HCLTECH","EQ","24-Aug-2016","        791.00","        795.00","        798.35","        781.10","        792.00","        790.35","        789.70","    1208724","           954534127.45","      27128"
"HCLTECH","EQ","25-Aug-2016","        790.35","        798.00","        805.00","        794.05","        798.00","        798.05","        800.06","    2212911","          1770463031.60","      53873"
"HCLTECH","EQ","26-Aug-2016","        798.05","        798.00","        800.45","        772.80","        779.00","        778.75","        783.90","    1662032","          1302867615.40","      64434"
"HCLTECH","EQ","29-Aug-2016","        778.75","        782.95","        782.95","        751.10","        755.10","        755.10","        758.36","    1530452","          1160635719.60","      72594"
"HCLTECH","EQ","30-Aug-2016","        755.10","        756.00","        775.75","        753.90","        771.00","        773.90","        770.99","    2160269","          1665550287.85","      64636"
"HCLTECH","EQ","31-Aug-2016","        773.90","        774.00","        793.45","        773.05","        778.00","        778.55","        784.08","    2792176","          2189301648.70","     112792"
"HCLTECH","EQ","01-Sep-2016","        778.55","        781.30","        789.55","        779.10","        784.00","        783.80","        782.88","    1298758","          1016765813.15","      54256"
"HCLTECH","EQ","02-Sep-2016","        783.80","        786.95","        787.50","        779.10","        783.00","        784.55","        783.59","    1131826","           886884020.50","      41301"
"HCLTECH","EQ","06-Sep-2016","        784.55","        780.25","        788.30","        774.70","        786.90","        785.60","        780.95","    1522299","          1188845780.45","      75207"
"HCLTECH","EQ","07-Sep-2016","        785.60","        791.90","        807.00","        783.00","        784.50","        787.10","        795.36","    1789682","          1423447269.55","      53502"
"HCLTECH","EQ","08-Sep-2016","        787.10","        781.50","        781.90","        750.50","        772.00","        773.95","        768.95","    2579366","          1983395281.65","      99516"
"HCLTECH","EQ","09-Sep-2016","        773.95","        774.00","        789.50","        773.00","        778.00","        780.55","        783.53","    1467060","          1149481824.65","      62193"
"HCLTECH","EQ","12-Sep-2016","        780.55","        772.00","        792.10","        770.00","        780.20","        782.70","        783.21","    2385247","          1868144861.85","      95988"
"HCLTECH","EQ","14-Sep-2016","        782.70","        784.65","        794.65","        775.00","        778.50","        776.35","        785.10","    1623566","          1274656932.75","      48833"
"HCLTECH","EQ","15-Sep-2016","        776.35","        782.95","        784.50","        775.00","        779.10","        779.00","        779.14","     953499","           742905111.35","      36650"
"HCLTECH","EQ","16-Sep-2016","        779.00","        782.00","        790.95","        774.00","        784.70","        786.35","        781.95","    2159427","          1688573194.30","      61889"
"HCLTECH","EQ","19-Sep-2016","        786.35","        790.00","        798.20","        781.90","        789.00","        789.05","        792.39","    1883283","          1492297436.50","      57886"
"HCLTECH","EQ","20-Sep-2016","        789.05","        794.95","        795.75","        784.50","        792.50","        792.05","        790.49","    1515605","          1198075066.10","      56821"
"HCLTECH","EQ","21-Sep-2016","        792.05","        793.95","        798.00","        788.50","        788.50","        792.60","        794.11","    1403065","          1114185642.15","      65336"
"HCLTECH","EQ","22-Sep-2016","        792.60","        799.00","        799.95","        783.80","        793.00","        788.85","        789.74","    1117361","           882429725.25","      50481"
"HCLTECH","EQ","23-Sep-2016","        788.85","        794.65","        804.00","        792.40","        795.00","        797.25","        799.42","    2605785","          2083124400.05","      79103"
"HCLTECH","EQ","26-Sep-2016","        797.25","        795.05","        796.95","        785.65","        788.00","        788.95","        790.88","    1825995","          1444138354.15","      34719"
"HCLTECH","EQ","27-Sep-2016","        788.95","        788.95","        799.80","        784.00","        797.15","        795.85","        790.92","    1631598","          1290468403.25","      55624"
"HCLTECH","EQ","28-Sep-2016","        795.85","        798.00","        801.90","        790.00","        799.00","        796.30","        796.87","    1533187","          1221757672.80","      56395"
"HCLTECH","EQ","29-Sep-2016","        796.30","        799.00","        804.60","        781.30","        788.00","        791.05","        793.93","    2846344","          2259784567.50","      36859"
"HCLTECH","EQ","30-Sep-2016","        791.05","        797.00","        804.00","        787.00","        800.00","        799.90","        798.07","    1831300","          1461498491.80","      51340"
"HCLTECH","EQ","03-Oct-2016","        799.90","        805.00","        812.00","        794.40","        811.00","        808.60","        802.73","    1516868","          1217632556.30","      62820"
"HCLTECH","EQ","04-Oct-2016","        808.60","        812.50","        821.00","        810.00","        817.20","        818.15","        817.02","    1506687","          1230988259.30","      55822"
"HCLTECH","EQ","05-Oct-2016","        818.15","        818.25","        823.25","        806.25","        815.00","        816.00","        814.31","     798470","           650202069.85","      34096"
"HCLTECH","EQ","06-Oct-2016","        816.00","        816.00","        816.75","        797.20","        803.60","        801.55","        801.49","    1588731","          1273348030.70","      46179"
"HCLTECH","EQ","07-Oct-2016","        801.55","        802.15","        809.45","        785.30","        806.25","        806.55","        797.90","     767927","           612730140.45","      34843"
"HCLTECH","EQ","10-Oct-2016","        806.55","        802.00","        815.85","        802.00","        813.00","        813.00","        810.78","     769244","           623689981.60","      19363"
"HCLTECH","EQ","13-Oct-2016","        813.00","        809.80","        825.10","        790.65","        803.00","        803.30","        801.39","    2076011","          1663703728.85","      62982"
"HCLTECH","EQ","14-Oct-2016","        803.30","        804.00","        822.50","        799.85","        814.00","        812.70","        810.63","    1376193","          1115578512.75","      51550"
"HCLTECH","EQ","17-Oct-2016","        812.70","        817.60","        818.00","        803.00","        811.10","        808.40","        807.24","     740093","           597432742.70","      34684"
"HCLTECH","EQ","18-Oct-2016","        808.40","        812.00","        836.40","        812.00","        833.10","        834.80","        825.58","    1326969","          1095524428.20","      52399"
"HCLTECH","EQ","19-Oct-2016","        834.80","        834.60","        841.65","        826.00","        830.00","        830.55","        831.55","    2139260","          1778904352.15","      51113"
"HCLTECH","EQ","20-Oct-2016","        830.55","        829.55","        833.00","        812.05","        816.40","        815.55","        819.25","    2488727","          2038883442.80","      45013"
"HCLTECH","EQ","21-Oct-2016","        815.55","        823.00","        848.70","        821.25","        830.45","        831.75","        835.67","    5141259","          4296408606.75","      71747"
"HCLTECH","EQ","24-Oct-2016","        831.75","        831.25","        836.90","        808.65","        811.00","        810.65","        811.92","    1707222","          1386131543.50","      53775"
"HCLTECH","EQ","25-Oct-2016","        810.65","        806.75","        811.50","        802.50","        803.50","        804.55","        805.68","    1734565","          1397503849.55","      78941"
"HCLTECH","EQ","26-Oct-2016","        804.55","        801.70","        803.85","        787.60","        790.70","        790.85","        793.86","    1611775","          1279527191.95","      71218"
"HCLTECH","EQ","27-Oct-2016","        790.85","        784.80","        786.65","        771.30","        776.15","        774.30","        775.39","    2025316","          1570413456.35","      70531"
"HCLTECH","EQ","28-Oct-2016","        774.30","        774.15","        781.20","        760.00","        765.00","        763.15","        770.29","    2711466","          2088608439.55","      75308"
"HCLTECH","EQ","30-Oct-2016","        763.15","        770.00","        774.00","        765.00","        767.25","        767.75","        768.19","     141864","           108978256.00","       2908"
"HCLTECH","EQ","01-Nov-2016","        767.75","        771.80","        776.40","        767.00","        773.90","        772.90","        772.05","    1098171","           847838442.00","      58454"
"HCLTECH","EQ","02-Nov-2016","        772.90","        765.00","        773.00","        763.00","        764.40","        764.30","        766.60","    1027083","           787358927.10","      28366"
"HCLTECH","EQ","03-Nov-2016","        764.30","        765.90","        769.25","        760.50","        760.50","        763.10","        764.06","    1203338","           919427919.25","      41791"
"HCLTECH","EQ","04-Nov-2016","        763.10","        763.00","        799.00","        763.00","        793.00","        794.75","        783.60","    2841663","          2226725195.40","      53809"
"HCLTECH","EQ","07-Nov-2016","        794.75","        800.00","        827.50","        794.90","        814.00","        817.20","        814.67","    2993787","          2438938711.70","      58240"
"HCLTECH","EQ","08-Nov-2016","        817.20","        811.00","        815.90","        791.25","        807.50","        809.00","        804.40","    1257371","          1011424387.50","      47875"
"HCLTECH","EQ","09-Nov-2016","        809.00","        765.00","        797.75","        763.15","        789.95","        784.85","        786.83","    2648398","          2083850403.10","      68463"
"HCLTECH","EQ","10-Nov-2016","        784.85","        790.05","        805.80","        776.00","        793.00","        789.65","        792.02","    1822273","          1443270636.65","     123554"
"HCLTECH","EQ","11-Nov-2016","        789.65","        784.85","        793.00","        755.00","        766.65","        764.10","        763.03","    2521761","          1924190453.75","      66879"
"HCLTECH","EQ","15-Nov-2016","        764.10","        765.00","        787.00","        736.00","        761.50","        770.75","        767.55","    2628788","          2017718751.10","      84059"
"HCLTECH","EQ","16-Nov-2016","        770.75","        776.00","        787.95","        764.25","        770.00","        773.85","        776.09","    2281346","          1770519720.10","      50806"
"HCLTECH","EQ","17-Nov-2016","        773.85","        766.00","        776.00","        756.00","        760.60","        760.15","        760.23","    2688419","          2043812815.70","      59938"
"HCLTECH","EQ","18-Nov-2016","        760.15","        757.60","        778.95","        757.60","        761.00","        763.85","        769.74","    1841117","          1417175952.85","      93676"
"HCLTECH","EQ","21-Nov-2016","        763.85","        765.00","        779.50","        755.20","        759.00","        758.35","        766.59","    1077860","           826279233.40","      42075"
"HCLTECH","EQ","22-Nov-2016","        758.35","        765.00","        767.50","        755.05","        762.40","        762.10","        763.14","    1031823","           787430301.75","      41064"
"HCLTECH","EQ","23-Nov-2016","        762.10","        763.00","        768.70","        756.45","        765.05","        763.45","        761.67","     900878","           686175533.50","      30814"
"HCLTECH","EQ","24-Nov-2016","        763.45","        765.00","        772.65","        753.00","        767.15","        767.80","        764.86","    2093744","          1601424002.65","      76798"
"HCLTECH","EQ","25-Nov-2016","        767.80","        771.95","        812.00","        770.05","        799.25","        801.95","        798.51","    2738666","          2186857178.05","      84767"
"HCLTECH","EQ","28-Nov-2016","        801.95","        806.00","        811.15","        790.35","        805.00","        806.05","        804.12","    1516524","          1219469760.75","      34782"
"HCLTECH","EQ","29-Nov-2016","        806.05","        806.00","        813.70","        799.30","        808.35","        805.30","        807.26","     823680","           664920326.40","      33410"
"HCLTECH","EQ","30-Nov-2016","        805.30","        810.00","        810.45","        798.00","        805.00","        803.80","        803.68","    1531730","          1231027854.65","      57310"
"HCLTECH","EQ","01-Dec-2016","        803.80","        803.90","        806.50","        792.00","        804.60","        803.10","        799.03","    1256375","          1003878243.00","      36374"
"HCLTECH","EQ","02-Dec-2016","        803.10","        801.70","        816.90","        790.00","        790.10","        793.60","        805.40","    1051697","           847036045.90","      54030"
"HCLTECH","EQ","05-Dec-2016","        793.60","        789.55","        801.45","        782.20","        797.40","        793.40","        791.28","     753658","           596358235.15","      20638"
"HCLTECH","EQ","06-Dec-2016","        793.40","        798.00","        801.50","        778.40","        779.35","        780.90","        789.32","     778814","           614732083.20","      35223"
"HCLTECH","EQ","07-Dec-2016","        780.90","        786.70","        789.10","        771.10","        788.70","        785.35","        783.54","     810851","           635334342.50","      37284"
"HCLTECH","EQ","08-Dec-2016","        785.35","        789.00","        797.00","        783.00","        795.40","        794.85","        792.35","    1031818","           817560304.40","      44713"
"HCLTECH","EQ","09-Dec-2016","        794.85","        797.00","        805.90","        783.25","        802.50","        803.30","        800.48","    1349777","          1080464895.65","      44787"
"HCLTECH","EQ","12-Dec-2016","        803.30","        796.00","        803.55","        790.65","        800.05","        799.80","        798.32","    1505531","          1201891926.95","      73606"
"HCLTECH","EQ","13-Dec-2016","        799.80","        801.05","        803.90","        791.20","        801.00","        800.95","        796.78","     938976","           748158279.85","      58100"
"HCLTECH","EQ","14-Dec-2016","        800.95","        806.10","        824.30","        796.25","        822.00","        820.80","        814.67","    1860577","          1515750718.15","      80698"
"HCLTECH","EQ","15-Dec-2016","        820.80","        822.00","        840.00","        822.00","        830.00","        832.15","        833.52","    2800815","          2334542165.20","      86562"
"HCLTECH","EQ","16-Dec-2016","        832.15","        835.80","        835.80","        815.20","        820.60","        820.60","        820.97","    1316441","          1080757646.10","      49244"
"HCLTECH","EQ","19-Dec-2016","        820.60","        820.60","        826.90","        815.00","        826.00","        824.70","        822.45","    1074079","           883376908.50","      37947"
"HCLTECH","EQ","20-Dec-2016","        824.70","        825.00","        834.15","        824.35","        831.80","        830.15","        829.94","    1402284","          1163811033.40","      62031"
"HCLTECH","EQ","21-Dec-2016","        830.15","        835.00","        836.80","        816.30","        819.00","        820.80","        826.82","    1031894","           853195307.70","      53689"
"HCLTECH","EQ","22-Dec-2016","        820.80","        818.30","        822.90","        806.00","        815.20","        817.10","        814.57","     791257","           644536634.10","      20271"
"HCLTECH","EQ","23-Dec-2016","        817.10","        816.00","        816.00","        791.00","        797.25","        793.75","        800.24","    1452634","          1162462866.40","      37147"
"HCLTECH","EQ","26-Dec-2016","        793.75","        791.90","        797.80","        783.30","        788.35","        790.40","        791.90","     558575","           442336730.20","      22196"
"HCLTECH","EQ","27-Dec-2016","        790.40","        788.90","        809.90","        787.00","        804.00","        804.85","        801.95","     505709","           405551308.75","      25032"
"HCLTECH","EQ","28-Dec-2016","        804.85","        810.00","        817.75","        804.15","        809.70","        807.05","        811.81","     717216","           582245017.00","      42783"
"HCLTECH","EQ","29-Dec-2016","        807.05","        807.10","        824.90","        805.30","        823.00","        819.35","        818.83","    1780001","          1457527048.90","      79405"
"HCLTECH","EQ","30-Dec-2016","        819.35","        822.00","        830.00","        814.90","        825.20","        827.95","        825.08","    1025942","           846488974.70","      50825"
"HCLTECH","EQ","02-Jan-2017","        827.95","        823.00","        834.00","        822.30","        825.75","        828.50","        830.02","     421243","           349640715.30","      18472"
"HCLTECH","EQ","03-Jan-2017","        828.50","        831.00","        837.00","        823.50","        835.05","        835.15","        833.10","     718533","           598610947.30","      29583"
"HCLTECH","EQ","04-Jan-2017","        835.15","        835.55","        860.00","        833.05","        859.30","        856.95","        851.42","    2116878","          1802347655.65","      74651"
"HCLTECH","EQ","05-Jan-2017","        856.95","        860.00","        869.75","        840.10","        844.55","        844.65","        857.14","    2078807","          1781837540.75","      66284"
"HCLTECH","EQ","06-Jan-2017","        844.65","        835.00","        840.30","        806.75","        813.50","        814.40","        816.81","    2795799","          2283641427.35","      63347"
"HCLTECH","EQ","09-Jan-2017","        814.40","        806.50","        840.15","        805.95","        835.20","        838.30","        827.04","    1919794","          1587752959.50","      77553"
"HCLTECH","EQ","10-Jan-2017","        838.30","        842.70","        844.00","        834.50","        837.00","        837.85","        838.20","    1306967","          1095504193.90","      56683"
"HCLTECH","EQ","11-Jan-2017","        837.85","        839.50","        844.50","        826.75","        830.05","        833.25","        833.68","    1383056","          1153029227.20","      61387"
"HCLTECH","EQ","12-Jan-2017","        833.25","        830.05","        849.90","        830.05","        846.05","        847.70","        843.95","    1645278","          1388530872.50","      61451"
"HCLTECH","EQ","13-Jan-2017","        847.70","        850.20","        857.95","        838.60","        845.15","        850.25","        850.00","    2286999","          1943949867.60","      83673"
"HCLTECH","EQ","16-Jan-2017","        850.25","        847.90","        847.90","        826.80","        828.40","        830.55","        834.05","    1214669","          1013091752.35","      33513"
"HCLTECH","EQ","17-Jan-2017","        830.55","        827.00","        843.50","        827.00","        835.60","        837.75","        836.37","    2049631","          1714243931.55","      29226"
"HCLTECH","EQ","18-Jan-2017","        837.75","        837.50","        845.55","        836.25","        845.00","        844.05","        841.83","    1084391","           912872873.50","      43522"
"HCLTECH","EQ","19-Jan-2017","        844.05","        844.00","        851.45","        837.60","        840.15","        844.15","        843.66","    1056038","           890941588.60","      43207"
"HCLTECH","EQ","20-Jan-2017","        844.15","        840.00","        845.00","        833.70","        835.25","        838.75","        839.75","    1109895","           932039532.95","      34452"
"HCLTECH","EQ","23-Jan-2017","        838.75","        834.00","        860.50","        828.00","        858.75","        857.30","        850.62","    1984508","          1688057848.70","      54386"
"HCLTECH","EQ","24-Jan-2017","        857.30","        842.00","        854.00","        826.90","        845.20","        848.80","        844.89","    3695312","          3122148547.55","     110340"
"HCLTECH","EQ","25-Jan-2017","        848.80","        853.00","        857.30","        837.55","        838.65","        841.25","        846.98","    1927869","          1632866675.80","      57298"
"HCLTECH","EQ","27-Jan-2017","        841.25","        844.00","        849.90","        840.65","        841.25","        844.20","        844.97","    1349564","          1140346525.35","      43849"
"HCLTECH","EQ","30-Jan-2017","        844.20","        831.10","        842.40","        828.10","        840.30","        840.25","        836.55","     949534","           794335974.10","      34703"
"HCLTECH","EQ","31-Jan-2017","        840.25","        835.25","        837.30","        787.10","        804.70","        811.15","        809.83","    4822547","          3905423713.45","     116281"
"HCLTECH","EQ","01-Feb-2017","        811.15","        805.00","        819.50","        778.65","        812.00","        813.95","        792.96","    4516615","          3581513590.45","     136713"
"HCLTECH","EQ","02-Feb-2017","        813.95","        814.00","        834.10","        810.15","        822.50","        827.15","        824.55","    1880043","          1550185967.45","      76103"
"HCLTECH","EQ","03-Feb-2017","        827.15","        825.00","        835.70","        816.85","        832.00","        830.75","        826.46","    1128529","           932682776.15","      36229"
"HCLTECH","EQ","06-Feb-2017","        830.75","        835.00","        836.50","        816.60","        825.00","        824.10","        823.99","    1092538","           900235770.60","      48534"
"HCLTECH","EQ","07-Feb-2017","        824.10","        824.00","        827.70","        812.00","        814.40","        815.70","        819.89","    1302540","          1067939901.75","      58802"
"HCLTECH","EQ","08-Feb-2017","        815.70","        819.00","        819.05","        804.75","        808.85","        808.50","        810.88","    1412405","          1145288953.40","      32780"
"HCLTECH","EQ","09-Feb-2017","        808.50","        810.95","        822.30","        802.05","        819.80","        819.70","        815.80","    1565134","          1276830438.50","      60458"
"HCLTECH","EQ","10-Feb-2017","        819.70","        822.10","        830.00","        812.30","        829.90","        828.40","        823.91","    1775497","          1462855641.35","      46490"
"HCLTECH","EQ","13-Feb-2017","        828.40","        831.00","        833.65","        821.00","        825.90","        827.30","        826.86","     604628","           499941798.05","      25643"
"HCLTECH","EQ","14-Feb-2017","        827.30","        829.20","        834.45","        824.50","        831.95","        832.00","        830.75","    1123252","           933143460.50","      54170"
"HCLTECH","EQ","15-Feb-2017","        832.00","        832.00","        838.60","        822.60","        830.50","        830.30","        832.57","     997883","           830803049.90","      36136"
"HCLTECH","EQ","16-Feb-2017","        830.30","        827.25","        846.90","        827.25","        844.75","        845.00","        841.28","    1720661","          1447552616.90","      48848"
"HCLTECH","EQ","17-Feb-2017","        845.00","        850.00","        850.00","        831.10","        839.05","        839.25","        838.23","    1039851","           871633254.70","      43887"
"HCLTECH","EQ","20-Feb-2017","        839.25","        842.00","        847.00","        837.25","        846.80","        844.00","        842.15","     665504","           560455923.10","      36559"
"HCLTECH","EQ","21-Feb-2017","        844.00","        844.10","        862.50","        844.10","        849.00","        851.30","        855.93","    1537048","          1315602768.45","      42063"
"HCLTECH","EQ","22-Feb-2017","        851.30","        852.30","        865.00","        830.55","        833.05","        834.20","        850.60","    1743670","          1483174029.95","      71753"
"HCLTECH","EQ","23-Feb-2017","        834.20","        835.00","        851.00","        835.00","        839.90","        842.85","        843.74","    3388092","          2858682019.45","      67254"
"HCLTECH","EQ","27-Feb-2017","        842.85","        844.90","        851.35","        836.05","        840.80","        839.95","        844.59","    1192619","          1007277465.75","      37840"
"HCLTECH","EQ","28-Feb-2017","        839.95","        844.00","        846.00","        835.85","        839.50","        840.10","        839.79","    1143055","           959926399.70","      62229"
"HCLTECH","EQ","01-Mar-2017","        840.10","        843.00","        851.00","        839.55","        846.60","        849.10","        847.21","    1096847","           929259045.10","      38342"
"HCLTECH","EQ","02-Mar-2017","        849.10","        850.00","        853.50","        839.30","        839.30","        843.75","        847.30","     867846","           735322106.35","      32385"
"HCLTECH","EQ","03-Mar-2017","        843.75","        844.00","        854.80","        835.15","        850.40","        852.90","        846.62","     856232","           724903298.15","      26372"
"HCLTECH","EQ","06-Mar-2017","        852.90","        850.70","        867.70","        846.10","        854.00","        855.55","        858.12","    1542308","          1323479132.40","      41162"
"HCLTECH","EQ","07-Mar-2017","        855.55","        861.70","        861.70","        852.20","        856.00","        857.35","        856.59","     747022","           639894944.10","      33535"
"HCLTECH","EQ","08-Mar-2017","        857.35","        857.00","        858.00","        844.25","        847.30","        847.70","        848.44","     729264","           618739351.15","      41668"
"HCLTECH","EQ","09-Mar-2017","        847.70","        854.00","        854.00","        842.35","        845.00","        844.35","        845.46","     766917","           648399677.75","      47709"
"HCLTECH","EQ","10-Mar-2017","        844.35","        849.35","        858.00","        840.90","        846.00","        846.35","        848.04","     706308","           598979525.45","      35189"
"HCLTECH","EQ","14-Mar-2017","        846.35","        865.00","        865.00","        850.00","        852.00","        853.60","        855.19","    1585864","          1356210127.00","      60861"
"HCLTECH","EQ","15-Mar-2017","        853.60","        850.50","        855.90","        837.25","        841.15","        842.90","        842.03","    1239266","          1043497053.10","      41176"
"HCLTECH","EQ","16-Mar-2017","        842.90","        860.80","        863.90","        849.60","        857.00","        855.40","        854.96","    1845233","          1577599247.20","      56060"
"HCLTECH","EQ","17-Mar-2017","        855.40","        857.25","        871.00","        853.00","        866.05","        865.75","        865.13","    1993510","          1724635749.15","      47266"
"HCLTECH","EQ","20-Mar-2017","        865.75","        871.95","        879.00","        861.15","        864.00","        864.35","        869.24","    1696484","          1474655235.45","      59035"
"HCLTECH","EQ","21-Mar-2017","        864.35","        865.00","        874.40","        851.95","        859.50","        859.30","        863.25","    3683257","          3179586912.45","      60255"
"HCLTECH","EQ","22-Mar-2017","        859.30","        850.70","        874.70","        848.50","        870.00","        872.75","        869.22","    1682118","          1462127414.80","      53226"
"HCLTECH","EQ","23-Mar-2017","        872.75","        871.05","        880.00","        868.95","        876.00","        876.65","        875.57","    1424139","          1246929594.95","      40534"
"HCLTECH","EQ","24-Mar-2017","        876.65","        872.30","        876.50","        871.15","        873.50","        873.05","        872.96","     875510","           764288273.50","      39203"
"HCLTECH","EQ","27-Mar-2017","        873.05","        868.00","        873.20","        847.05","        851.65","        852.15","        858.73","    1176930","          1010661944.80","      33580"
"HCLTECH","EQ","28-Mar-2017","        852.15","        855.55","        870.75","        852.15","        860.00","        859.90","        863.72","     898111","           775720583.05","      45065"
"HCLTECH","EQ","29-Mar-2017","        859.90","        865.40","        879.50","        859.60","        874.00","        877.60","        869.01","    2121269","          1843409354.75","      94223"
"HCLTECH","EQ","30-Mar-2017","        877.60","        870.00","        881.70","        865.05","        870.00","        875.85","        874.66","    1463739","          1280273302.50","      70770"
"HCLTECH","EQ","31-Mar-2017","        875.85","        884.00","        890.15","        867.00","        876.00","        874.75","        873.10","    2157290","          1883532443.85","      98561"
"HCLTECH","EQ","03-Apr-2017","        874.75","        874.10","        878.25","        858.50","        864.90","        866.25","        865.58","     937377","           811374325.40","      43166"
"HCLTECH","EQ","05-Apr-2017","        866.25","        869.00","        869.00","        846.40","        848.00","        850.50","        855.43","    1789353","          1530673461.65","     106860"
"HCLTECH","EQ","06-Apr-2017","        850.50","        848.00","        856.55","        847.00","        852.00","        853.50","        853.31","    1044905","           891631799.45","      48321"
"HCLTECH","EQ","07-Apr-2017","        853.50","        853.90","        858.60","        846.90","        849.75","        849.30","        851.02","    1029887","           876456508.60","      41740"
"HCLTECH","EQ","10-Apr-2017","        849.30","        849.00","        857.50","        831.00","        833.25","        833.05","        842.49","     742543","           625581827.75","      38355"
"HCLTECH","EQ","11-Apr-2017","        833.05","        835.00","        838.00","        826.00","        835.00","        833.80","        830.38","    1310273","          1088020163.60","      66693"
"HCLTECH","EQ","12-Apr-2017","        833.80","        831.35","        834.95","        827.00","        830.20","        831.65","        831.43","     655944","           545371845.90","      40731"
"HCLTECH","EQ","13-Apr-2017","        831.65","        832.50","        832.50","        805.40","        812.05","        809.10","        817.43","    1146682","           937328208.50","      58576"
"HCLTECH","EQ","17-Apr-2017","        809.10","        800.15","        817.50","        800.15","        810.50","        810.80","        811.99","     702047","           570052403.40","      25882"
"HCLTECH","EQ","18-Apr-2017","        810.80","        812.00","        819.95","        804.00","        804.90","        808.05","        815.62","    1014282","           827266500.25","      42676"
"HCLTECH","EQ","19-Apr-2017","        808.05","        806.50","        819.55","        803.95","        809.00","        808.60","        812.40","    1318100","          1070829121.75","      83261"
"HCLTECH","EQ","20-Apr-2017","        808.60","        810.75","        815.90","        808.60","        814.50","        814.90","        812.40","     539804","           438537919.70","      35804"
"HCLTECH","EQ","21-Apr-2017","        814.90","        817.00","        821.45","        807.80","        811.00","        812.75","        812.50","     890155","           723254518.70","      41719"
"HCLTECH","EQ","24-Apr-2017","        812.75","        813.00","        824.00","        809.25","        819.25","        819.55","        818.25","     686984","           562126101.55","      28705"
"HCLTECH","EQ","25-Apr-2017","        819.55","        824.00","        825.85","        813.60","        818.00","        819.95","        820.29","    1097301","           900102016.55","      34699"
"HCLTECH","EQ","26-Apr-2017","        819.95","        821.90","        822.00","        796.55","        801.00","        800.25","        807.04","     959124","           774049998.25","      49381"
"HCLTECH","EQ","27-Apr-2017","        800.25","        797.00","        820.00","        796.20","        809.95","        809.70","        809.90","    2820167","          2284059029.00","      94528"
"HCLTECH","EQ","28-Apr-2017","        809.70","        812.90","        820.00","        799.75","        816.15","        814.10","        809.90","    1397069","          1131489458.90","      38736"
"HCLTECH","EQ","02-May-2017","        814.10","        816.15","        825.45","        811.70","        822.10","        822.05","        821.00","     861366","           707179486.15","      46267"
"HCLTECH","EQ","03-May-2017","        822.05","        824.95","        837.50","        821.00","        836.00","        835.10","        831.45","     994932","           827233218.90","      27341"
"HCLTECH","EQ","04-May-2017","        835.10","        836.10","        842.60","        808.15","        815.85","        818.00","        820.60","    1379248","          1131805391.25","      36997"
"HCLTECH","EQ","05-May-2017","        818.00","        820.95","        832.00","        814.30","        828.00","        829.60","        824.66","     928408","           765617982.95","      39184"
"HCLTECH","EQ","08-May-2017","        829.60","        829.85","        845.00","        825.70","        842.00","        840.20","        835.77","     790817","           660943809.35","      55658"
"HCLTECH","EQ","09-May-2017","        840.20","        845.00","        854.85","        839.95","        849.00","        849.75","        849.48","     907261","           770699490.90","      35511"
"HCLTECH","EQ","10-May-2017","        849.75","        848.75","        850.90","        838.10","        841.10","        843.60","        843.31","     757706","           638982329.05","      28754"
"HCLTECH","EQ","11-May-2017","        843.60","        857.80","        858.80","        835.60","        841.45","        838.70","        843.14","    3514917","          2963566864.40","      88032"
"HCLTECH","EQ","12-May-2017","        838.70","        840.00","        848.20","        839.05","        847.50","        847.65","        844.58","    1647701","          1391621133.90","      40459"
"HCLTECH","EQ","15-May-2017","        847.65","        848.50","        850.00","        845.00","        847.05","        848.55","        848.03","     687573","           583084609.80","      29220"
"HCLTECH","EQ","16-May-2017","        848.55","        850.00","        856.10","        848.05","        849.45","        849.60","        850.72","    2974402","          2530396007.00","      53670"
"HCLTECH","EQ","17-May-2017","        849.60","        852.00","        855.30","        842.20","        853.95","        853.55","        848.96","    1373559","          1166099804.85","      46317"
"HCLTECH","EQ","18-May-2017","        853.55","        850.85","        872.25","        844.25","        845.65","        848.40","        858.17","    3658681","          3139776031.15","      58110"
"HCLTECH","EQ","19-May-2017","        848.40","        853.00","        854.50","        844.10","        845.00","        844.70","        846.76","    1448031","          1226127530.30","      74734"
"HCLTECH","EQ","22-May-2017","        844.70","        850.00","        862.25","        848.00","        859.00","        857.45","        856.62","    2892269","          2477562579.25","      75004"
"HCLTECH","EQ","23-May-2017","        857.45","        863.00","        870.80","        859.15","        864.85","        864.90","        864.34","    3213521","          2777568213.65","     104052"
"HCLTECH","EQ","24-May-2017","        864.90","        854.90","        857.95","        840.00","        852.25","        854.85","        850.20","    2016518","          1714447587.05","      74903"
"HCLTECH","EQ","25-May-2017","        854.85","        860.25","        867.50","        852.60","        859.00","        859.60","        860.43","    2948039","          2536574986.75","      66734"
"HCLTECH","EQ","26-May-2017","        859.60","        857.70","        866.00","        855.45","        858.05","        859.10","        860.31","    1302415","          1120478486.25","      74293"
"HCLTECH","EQ","29-May-2017","        859.10","        858.90","        872.00","        851.45","        864.90","        864.45","        864.11","    1843315","          1592819376.25","      42028"
"HCLTECH","EQ","30-May-2017","        864.45","        864.45","        871.95","        852.95","        870.00","        868.15","        863.00","    1413415","          1219779595.30","      43911"
"HCLTECH","EQ","31-May-2017","        868.15","        864.10","        869.30","        858.25","        860.00","        864.25","        864.74","    2873557","          2484885688.85","     103671"
"HCLTECH","EQ","01-Jun-2017","        864.25","        863.00","        871.00","        859.15","        863.00","        862.25","        864.48","     921583","           796692565.20","      49078"
"HCLTECH","EQ","02-Jun-2017","        862.25","        862.80","        869.70","        853.70","        857.00","        857.90","        862.84","    1111787","           959298154.90","      24197"
"HCLTECH","EQ","05-Jun-2017","        857.90","        856.00","        866.90","        856.00","        858.00","        858.70","        859.55","    1408309","          1210517223.25","      41790"
"HCLTECH","EQ","06-Jun-2017","        858.70","        875.50","        909.60","        866.10","        887.65","        889.45","        892.48","    6626885","          5914393113.35","     137280"
"HCLTECH","EQ","07-Jun-2017","        889.45","        893.35","        894.90","        864.55","        879.00","        880.50","        878.96","    3366974","          2959438851.05","      90381"
"HCLTECH","EQ","08-Jun-2017","        880.50","        880.00","        880.40","        865.00","        866.00","        868.35","        869.84","    1415310","          1231089911.90","      39217"
"HCLTECH","EQ","09-Jun-2017","        868.35","        866.55","        872.90","        856.60","        859.20","        860.75","        864.40","    1350514","          1167384981.15","      52094"
"HCLTECH","EQ","12-Jun-2017","        860.75","        862.80","        868.65","        852.05","        867.40","        865.55","        860.98","    1032713","           889143481.25","      32381"
"HCLTECH","EQ","13-Jun-2017","        865.55","        862.00","        864.90","        842.30","        846.00","        847.15","        853.59","    1243895","          1061780770.80","      64083"
"HCLTECH","EQ","14-Jun-2017","        847.15","        849.50","        856.05","        841.00","        852.60","        853.65","        847.61","     900768","           763499121.50","      48505"
"HCLTECH","EQ","15-Jun-2017","        853.65","        853.00","        853.00","        841.50","        845.70","        844.40","        843.65","    1773645","          1496329770.50","      45959"
"HCLTECH","EQ","16-Jun-2017","        844.40","        842.00","        847.00","        835.00","        836.65","        839.00","        838.42","    1912330","          1603342536.75","      62033"
"HCLTECH","EQ","19-Jun-2017","        839.00","        839.50","        845.90","        830.30","        845.20","        842.50","        837.90","     845428","           708386681.45","      41612"
"HCLTECH","EQ","20-Jun-2017","        842.50","        845.00","        855.05","        843.00","        854.15","        854.25","        851.26","    1041129","           886267446.05","      40333"
"HCLTECH","EQ","21-Jun-2017","        854.25","        854.00","        854.00","        838.10","        843.00","        843.45","        842.68","     909654","           766550383.75","      41735"
"HCLTECH","EQ","22-Jun-2017","        843.45","        849.00","        854.00","        836.20","        847.15","        849.15","        847.68","    1447792","          1227258695.90","      43686"
"HCLTECH","EQ","23-Jun-2017","        849.15","        850.00","        858.00","        842.35","        851.00","        851.85","        851.38","    1080944","           920289300.55","      37357"
"HCLTECH","EQ","27-Jun-2017","        851.85","        852.00","        859.00","        833.20","        836.00","        840.20","        847.85","    1092395","           926186598.40","      55938"
"HCLTECH","EQ","28-Jun-2017","        840.20","        838.50","        857.25","        833.30","        846.05","        848.40","        848.27","    1238382","          1050482877.70","      42324"
"HCLTECH","EQ","29-Jun-2017","        848.40","        851.90","        857.00","        842.50","        849.50","        847.60","        847.86","    1492110","          1265105373.25","      36773"
"HCLTECH","EQ","30-Jun-2017","        847.60","        848.45","        855.95","        838.40","        851.40","        850.90","        847.11","    1128557","           956013821.95","      43676"
"HCLTECH","EQ","03-Jul-2017","        850.90","        852.00","        853.95","        832.30","        839.80","        838.15","        837.27","    1976838","          1655149381.00","      82542"
"HCLTECH","EQ","04-Jul-2017","        838.15","        848.40","        849.95","        838.00","        841.10","        841.55","        842.09","     990750","           834302970.05","      25566"
"HCLTECH","EQ","05-Jul-2017","        841.55","        839.00","        841.20","        835.10","        838.00","        837.50","        838.40","    1210254","          1014681423.80","      53663"
"HCLTECH","EQ","06-Jul-2017","        837.50","        840.00","        842.40","        835.70","        840.55","        840.65","        839.68","     686530","           576465234.85","      20490"
"HCLTECH","EQ","07-Jul-2017","        840.65","        840.50","        840.50","        828.80","        832.00","        831.90","        832.01","    1151617","           958153517.90","      43966"
"HCLTECH","EQ","10-Jul-2017","        831.90","        834.00","        856.85","        830.10","        848.55","        849.65","        846.64","     234294","           198361677.00","       4274"
"HCLTECH","EQ","11-Jul-2017","        849.65","        845.65","        869.00","        845.65","        850.00","        850.65","        858.00","    1496700","          1284163046.30","      37920"
"HCLTECH","EQ","12-Jul-2017","        850.65","        850.10","        858.50","        846.05","        856.05","        854.00","        851.00","     602978","           513136503.45","      44329"
"HCLTECH","EQ","13-Jul-2017","        854.00","        856.10","        863.90","        855.50","        859.50","        858.60","        860.37","     956409","           822867012.65","      31337"
"HCLTECH","EQ","14-Jul-2017","        858.60","        860.00","        860.40","        845.05","        850.00","        850.35","        850.17","     644058","           547559041.45","      26324"
"HCLTECH","EQ","17-Jul-2017","        850.35","        849.00","        870.00","        843.90","        868.95","        868.10","        862.84","     909007","           784324063.70","      49203"
"HCLTECH","EQ","18-Jul-2017","        868.10","        869.10","        884.30","        868.35","        880.25","        880.70","        877.38","     988689","           867451637.40","      46488"
"HCLTECH","EQ","19-Jul-2017","        880.70","        885.00","        899.60","        885.00","        898.70","        895.40","        893.51","    1456444","          1301353545.90","      45301"
"HCLTECH","EQ","20-Jul-2017","        895.40","        899.00","        899.00","        882.40","        884.00","        885.65","        887.64","     806884","           716225383.50","      22321"
"HCLTECH","EQ","21-Jul-2017","        885.65","        884.00","        908.00","        884.00","        902.60","        904.95","        902.72","    1241810","          1121006710.15","      37012"
"HCLTECH","EQ","24-Jul-2017","        904.95","        904.95","        912.00","        901.20","        902.20","        907.40","        907.31","    1502220","          1362984733.30","      38823"
"HCLTECH","EQ","25-Jul-2017","        907.40","        902.00","        904.90","        886.00","        897.00","        895.05","        892.63","    1792333","          1599893298.15","      66968"
"HCLTECH","EQ","26-Jul-2017","        895.05","        893.00","        903.50","        884.00","        888.00","        892.70","        892.50","    1511857","          1349333847.80","      33807"
"HCLTECH","EQ","27-Jul-2017","        892.70","        903.00","        928.00","        885.35","        899.00","        890.25","        907.89","    4659826","          4230615153.75","      79071"
"HCLTECH","EQ","28-Jul-2017","        890.25","        888.00","        896.90","        841.00","        891.00","        893.10","        886.22","    1521381","          1348272744.25","      43090"
"HCLTECH","EQ","31-Jul-2017","        893.10","        888.00","        898.00","        878.45","        890.60","        892.90","        887.99","     947283","           841177479.65","      44889"
"HCLTECH","EQ","01-Aug-2017","        892.90","        889.00","        898.00","        878.00","        888.00","        884.20","        882.67","    1332277","          1175963943.60","      49241"
"HCLTECH","EQ","02-Aug-2017","        884.20","        888.00","        893.00","        876.90","        881.00","        882.00","        887.56","     829090","           735865722.40","      33291"
"HCLTECH","EQ","03-Aug-2017","        882.00","        882.20","        884.40","        870.95","        875.30","        875.75","        876.27","    1272005","          1114619376.05","      69279"
"HCLTECH","EQ","04-Aug-2017","        875.75","        875.00","        894.50","        873.10","        888.80","        890.65","        886.68","     570710","           506036988.40","      43754"
"HCLTECH","EQ","07-Aug-2017","        890.65","        890.00","        894.70","        881.40","        886.00","        886.00","        885.86","     823485","           729488682.65","      36779"
"HCLTECH","EQ","08-Aug-2017","        886.00","        882.60","        885.40","        876.10","        882.50","        882.00","        880.98","     865948","           762886364.40","      42682"
"HCLTECH","EQ","09-Aug-2017","        882.00","        871.00","        884.65","        871.00","        879.45","        878.75","        879.13","     535846","           471076167.55","      31193"
"HCLTECH","EQ","10-Aug-2017","        878.75","        873.05","        886.00","        870.80","        886.00","        882.90","        878.84","     846537","           743974435.45","      46646"
"HCLTECH","EQ","11-Aug-2017","        882.90","        878.10","        889.20","        864.55","        871.00","        872.30","        872.03","    1692430","          1475851752.50","      71544"
"HCLTECH","EQ","14-Aug-2017","        872.30","        873.00","        878.40","        856.05","        862.00","        860.10","        867.49","     404049","           350507672.00","      21082"
"HCLTECH","EQ","16-Aug-2017","        860.10","        864.00","        868.65","        851.00","        866.90","        864.50","        858.44","    1125005","           965749561.95","      29381"
"HCLTECH","EQ","17-Aug-2017","        864.50","        872.40","        875.10","        860.75","        873.35","        871.40","        870.10","     801175","           697099249.40","      33883"
"HCLTECH","EQ","18-Aug-2017","        871.40","        873.85","        884.70","        863.55","        876.00","        876.25","        877.21","    1064955","           934185147.35","      52276"
"HCLTECH","EQ","21-Aug-2017","        876.25","        877.75","        885.00","        870.20","        871.50","        874.05","        877.87","     669837","           588030523.35","      33935"
"HCLTECH","EQ","22-Aug-2017","        874.05","        881.00","        886.25","        873.30","        877.30","        875.85","        879.98","     753231","           662830748.35","      41372"
"HCLTECH","EQ","23-Aug-2017","        875.85","        877.90","        882.95","        863.00","        882.50","        880.00","        872.47","     754889","           658618373.50","      36863"
"HCLTECH","EQ","24-Aug-2017","        880.00","        884.00","        884.00","        866.00","        866.20","        867.50","        872.27","     812123","           708389160.95","      42616"
